{
  "name": "special mode",
  "version": "0.0.1",
  "type": "app",
  "desc": "special mode app",
  "license": "LGE",
  "author": "LGE",

  "launchOnBoot": true,
  "launchOnProvisioned": false,
  "permanent": false,
  "hmis": [
    1,
    2
  ],
  "posts": [
    "post.action.SEND_CALL"
  ],
  "bootMode": [
    "factory"
  ],
  "services": [
    {
      "name": "service1",
      "useConfig": false,
      "configParam": "config parameter",
      "startSignal": 1,
      "endSignal": 2,
      "broadcast": false,
      "wakeup": false,
      "opcode": -1
    },
    {
      "name": "service2",
      "useConfig": false,
      "configParam": "config parameter",
      "startSignal": 3,
      "endSignal": 4,
      "broadcast": false,
      "wakeup": false,
      "opcode": -1
    }
  ]
}
